mv 	Cuberry.png	0518-Cuberry.png
mv 	Berroar.png	0519-Berroar.png
mv 	Chimerry.png	0520-Chimerry.png
mv 	Wyburn.png	0521-Wyburn.png
mv 	Vernace.png	0522-Vernace.png
mv 	Lavyrn.png	0523-Lavyrn.png
mv 	Glaucute.png	0524-Glaucute.png
mv 	Zaleidus.png	0525-Zaleidus.png
mv 	Glaureus.png	0526-Glaureus.png
mv 	Pupuff.png	0527-Pupuff.png
mv 	Cottaste.png	0528-Cottaste.png
mv 	Mimicaw.png	0529-Mimicaw.png
mv 	Vocalyre.png	0530-Vocalyre.png
mv 	Allyring.png	0531-Allyring.png
mv 	Thorunt.png	0532-Thorunt.png
mv 	Shocoon.png	0533-Shocoon.png
mv 	Electrifly.png	0534-Electrifly.png
mv 	Marmoby.png	0535-Marmoby.png
mv 	Marmast.png	0536-Marmast.png
mv 	Doraji.png	0537-Doraji.png
mv 	Nindor.png	0538-Nindor.png
mv 	Calareama.png	0539-Calareama.png
mv 	Ulureap.png	0540-Ulureap.png
mv 	Aerox.png	0541-Aerox.png
mv 	Kitsoar.png	0542-Kitsoar.png
mv 	Vixoar.png	0543-Vixoar.png
mv 	Moeboe.png	0544-Moeboe.png
mv 	Amoeblob.png	0545-Amoeblob.png
mv 	Magga.png	0546-Magga.png
mv 	Abilifly.png	0547-Abilifly.png
mv 	Zafirlatus.png	0548-Zafirlatus.png
mv 	Ughly.png	0549-Ughly.png
mv 	Oogone.png	0550-Oogone.png
mv 	Epidose.png	0551-Epidose.png
mv 	Epidoc.png	0552-Epidoc.png
mv 	Sukstion.png	0553-Sukstion.png
mv 	Claybo.png	0554-Claybo.png
mv 	Nenclay.png	0555-Nenclay.png
mv 	Blazoom.png	0556-Blazoom.png
mv 	Singero.png	0557-Singero.png
mv 	Tapphan.png	0558-Tapphan.png
mv 	Stomphan.png	0559-Stomphan.png
mv 	Mizar.png	0560-Mizar.png
mv 	Damoat.png	0561-Damoat.png
mv 	Protok.png	0562-Protok.png
mv 	Yanyin.png	0563-Yanyin.png
mv 	Virubic3.png	0564-Virubic3.png
mv 	Ghasoft.png	0565-Ghasoft.png
mv 	Sofdurr.png	0566-Sofdurr.png
mv 	Pennec.png	0567-Pennec.png
mv 	Daipen.png	0568-Daipen.png
mv 	Caapaw.png	0569-Caapaw.png
mv 	Caaprowl.png	0570-Caaprowl.png
mv 	Jingrub.png	0571-Jingrub.png
mv 	Hollurm.png	0572-Hollurm.png
mv 	Angelug.png	0573-Angelug.png
mv 	Halone.png	0574-Halone.png
mv 	Dumboc.png	0575-Dumboc.png
mv 	Flapoct.png	0576-Flapoct.png
mv 	Chroblob.png	0577-Chroblob.png
mv 	Chirplump.png	0578-Chirplump.png
mv 	Seedling.png	0579-Seedling.png
mv 	Floraline.png	0580-Floraline.png
mv 	Lasame.png	0581-Lasame.png
mv 	Elephium.png	0582-Elephium.png
mv 	Bracaderm.png	0583-Bracaderm.png
mv 	Radig.png	0584-Radig.png
mv 	Burrole.png	0585-Burrole.png
mv 	Excatun.png	0586-Excatun.png
mv 	Teddwa.png	0587-Teddwa.png
mv 	Zwursa.png	0588-Zwursa.png
mv 	Monochrow.png	0589-Monochrow.png
mv 	Crowme.png	0590-Crowme.png
mv 	Tephlare.png	0591-Tephlare.png
mv 	Esphlare.png	0592-Esphlare.png
mv 	Shrecho.png	0593-Shrecho.png
mv 	Elflet.png	0594-Elflet.png
mv 	Santoho.png	0595-Santoho.png
mv 	Breezent.png	0596-Breezent.png
mv 	Stonfant.png	0597-Stonfant.png
mv 	Stonite.png	0598-Stonite.png
mv 	Mannid.png	0599-Mannid.png
mv 	Knowlor.png	0600-Knowlor.png
mv 	Bobynx.png	0601-Bobynx.png
mv 	Soxite.png	0602-Soxite.png
mv 	Haunee.png	0603-Haunee.png
mv 	Pityka.png	0604-Pityka.png
mv 	Fruitang.png	0605-Fruitang.png
mv 	Thoragon.png	0606-Thoragon.png
mv 	Drackap.png	0607-Drackap.png
mv 	Podraco.png	0608-Podraco.png
mv 	Achenwy.png	0609-Achenwy.png
mv 	Powdus.png	0610-Powdus.png
mv 	Maginax.png	0611-Maginax.png
mv 	Volcaniax.png	0612-Volcaniax.png
mv 	Tokub.png	0613-Tokub.png
mv 	Frostear.png	0614-Frostear.png
mv 	Mummite.png	0615-Mummite.png
mv 	Mumman.png	0616-Mumman.png
mv 	Phlikur.png	0617-Phlikur.png
mv 	Bokshel.png	0618-Bokshel.png
mv 	Hermirt.png	0619-Hermirt.png
mv 	Yrucrem.png	0620-Yrucrem.png
mv 	Mercurath.png	0621-Mercurath.png
mv 	Clammince.png	0622-Clammince.png
mv 	Escargum.png	0623-Escargum.png
mv 	Gumnail.png	0624-Gumnail.png
mv 	Fuzzie.png	0625-Fuzzie.png
mv 	Shrubur.png	0626-Shrubur.png
mv 	Ignerate.png	0627-Ignerate.png
mv 	Paralite.png	0628-Paralite.png
mv 	Helodra.png	0629-Helodra.png
mv 	Beadread.png	0630-Beadread.png
mv 	Dermadon.png	0631-Dermadon.png
mv 	Rusizzle.png	0632-Rusizzle.png
mv 	Pyrex.png	0633-Pyrex.png
mv 	Chompace.png	0634-Chompace.png
mv 	Caragai.png	0635-Caragai.png
mv 	Ascomini.png	0636-Ascomini.png
mv 	Scandrake.png	0637-Scandrake.png
mv 	Vikodon.png	0638-Vikodon.png
mv 	Rodanador.png	0639-Rodanador.png
mv 	Danidor.png	0640-Danidor.png
mv 	Taidon.png	0641-Taidon.png
mv 	Emasei.png	0642-Emasei.png
mv 	Gundrukae.png	0643-Gundrukae.png
mv 	Paraja.png	0644-Paraja.png
mv 	Dianetha.png	0645-Dianetha.png
mv 	Dynamos.png	0646-Dynamos.png
mv 	Rufure.png	0647-Rufure.png
